{
   "dashboards": [{
      "autoswitchEnabled": false,
      "columnCount": 1,
      "columnProportion": "1-1",
      "creationTime": 1620852076852,
      "dashboardNavigations": {},
      "description": "",
      "disabled": false,
      "gridsterMaxColumns": 12,
      "hidden": false,
      "homeTab": false,
      "id": "c2b2d1ff-d1eb-40b5-89a8-49559121d0c7",
      "importAttempts": 0,
      "importComplete": true,
      "lastUpdateTime": 1646859662640,
      "lastUpdateUserId": "287ed085-c6ca-4255-b69c-956f1665ed51",
      "locked": false,
      "name": "Custom Dashboards/Cluster Capacity Details",
      "namePath": "Custom Dashboards",
      "rank": 0,
      "shared": true,
      "states": [{
         "key": "permDashboardTime_dashboard_c2b2d1ff-d1eb-40b5-89a8-49559121d0c7",
         "value": "o%3AdateRange%3Ds%253Alast90Days%5EdateRangeText%3Ds%253ALast%252090%2520days"
      }],
      "temporary": false,
      "userId": "287ed085-c6ca-4255-b69c-956f1665ed51",
      "widgetInteractions": [
         {
            "type": "resourceId",
            "widgetIdProvider": "1fe30dda-f207-43e4-a301-44a493c5eaaa",
            "widgetIdReceiver": "ed2ff5ec-4889-405c-8357-0b3cf5d66d11"
         },
         {
            "type": "resourceId",
            "widgetIdProvider": "1fe30dda-f207-43e4-a301-44a493c5eaaa",
            "widgetIdReceiver": "769d1e96-960a-4936-84a2-adad748c072f"
         },
         {
            "type": "resourceId",
            "widgetIdProvider": "1fe30dda-f207-43e4-a301-44a493c5eaaa",
            "widgetIdReceiver": "2ec6f45e-f4cf-490c-bfae-65ed1556bd75"
         },
         {
            "type": "resourceId",
            "widgetIdProvider": "1fe30dda-f207-43e4-a301-44a493c5eaaa",
            "widgetIdReceiver": "d886a279-6d87-4674-8225-6c61aa2bb3b0"
         },
         {
            "type": "resourceId",
            "widgetIdProvider": "2ec6f45e-f4cf-490c-bfae-65ed1556bd75",
            "widgetIdReceiver": "34f980fd-fa33-4a5c-8713-3a75a3b7bce9"
         },
         {
            "type": "resourceId",
            "widgetIdProvider": "2ec6f45e-f4cf-490c-bfae-65ed1556bd75",
            "widgetIdReceiver": "1fce2a4c-fc1c-4bee-82c0-abd11af7f0e7"
         },
         {
            "type": "resourceId",
            "widgetIdProvider": "2ec6f45e-f4cf-490c-bfae-65ed1556bd75",
            "widgetIdReceiver": "77e2481d-6058-48ed-ab98-b264cf0995f3"
         },
         {
            "type": "resourceId",
            "widgetIdProvider": "1fe30dda-f207-43e4-a301-44a493c5eaaa",
            "widgetIdReceiver": "b86c2a21-799a-4d5a-a9d1-f8ad20ab7633"
         }
      ],
      "widgets": [
         {
            "collapsed": false,
            "config": {
               "chartViewItems": [],
               "isUpdatedView": true,
               "refreshContent": {"refreshContent": true},
               "refreshInterval": 300,
               "resource": {
                  "id": "Ext.vcops.chrome.model.Resource-7",
                  "resourceId": "resource:id:0_::_",
                  "resourceKindId": "002006VMWAREvSphere World",
                  "resourceName": "vSphere World",
                  "traversalSpecId": ""
               },
               "selectFirstRow": {"selectFirstRow": true},
               "selfProvider": {"selfProvider": true},
               "title": "Clusters",
               "traversalSpecId": null,
               "viewDefinitionId": "fd833c0b-90d0-438d-a855-9d8b0deb722b"
            },
            "gridsterCoords": {
               "h": 7,
               "w": 8,
               "x": 1,
               "y": 1
            },
            "height": 380,
            "id": "1fe30dda-f207-43e4-a301-44a493c5eaaa",
            "states": [
               {
                  "key": "perm_toolbarVisible_widget_c2b2d1ff-d1eb-40b5-89a8-49559121d0c7_1fe30dda-f207-43e4-a301-44a493c5eaaa",
                  "value": "b%3A1"
               },
               {
                  "key": "permSelectedDate_widget_c2b2d1ff-d1eb-40b5-89a8-49559121d0c7_1fe30dda-f207-43e4-a301-44a493c5eaaa",
                  "value": "s%3A%7B%22minType%22%3A%22.TimeIntervalControl%22%2C%22advancedTimeMode%22%3Afalse%2C%22fromTime%22%3Anull%2C%22unit%22%3A%22DAYS%22%2C%22count%22%3A30%2C%22priorUnit%22%3Anull%2C%22priorCount%22%3Anull%2C%22startSubUnit%22%3Anull%2C%22startPeriod%22%3Anull%2C%22toTime%22%3Anull%2C%22endUnit%22%3Anull%2C%22endCount%22%3Anull%2C%22endSubUnit%22%3Anull%2C%22endPeriod%22%3Anull%2C%22isRealTimeData%22%3Anull%2C%22mondayHours%22%3A%5B%5D%2C%22tuesdayHours%22%3A%5B%5D%2C%22wednesdayHours%22%3A%5B%5D%2C%22thursdayHours%22%3A%5B%5D%2C%22fridayHours%22%3A%5B%5D%2C%22saturdayHours%22%3A%5B%5D%2C%22sundayHours%22%3A%5B%5D%7D"
               }
            ],
            "title": "Clusters",
            "type": "View"
         },
         {
            "collapsed": false,
            "config": {
               "chartViewItems": [],
               "isUpdatedView": true,
               "refreshContent": {"refreshContent": true},
               "refreshInterval": 300,
               "resource": null,
               "selectFirstRow": {"selectFirstRow": true},
               "selfProvider": {"selfProvider": false},
               "title": "CPU Detail (for selected Cluster)",
               "traversalSpecId": "",
               "viewDefinitionId": "30e6261d-6582-42b6-9886-678c591aefdf"
            },
            "gridsterCoords": {
               "h": 4,
               "w": 4,
               "x": 1,
               "y": 8
            },
            "height": 210,
            "id": "ed2ff5ec-4889-405c-8357-0b3cf5d66d11",
            "title": "CPU Detail (for selected Cluster)",
            "type": "View"
         },
         {
            "collapsed": false,
            "config": {
               "chartViewItems": [],
               "isUpdatedView": true,
               "refreshContent": {"refreshContent": true},
               "refreshInterval": 300,
               "resource": null,
               "selectFirstRow": {"selectFirstRow": true},
               "selfProvider": {"selfProvider": false},
               "title": "Memory Detail (for selected Cluster)",
               "traversalSpecId": "",
               "viewDefinitionId": "9973b4d8-eff9-4826-b877-4a6a3208405a"
            },
            "gridsterCoords": {
               "h": 4,
               "w": 4,
               "x": 5,
               "y": 8
            },
            "height": 210,
            "id": "769d1e96-960a-4936-84a2-adad748c072f",
            "title": "Memory Detail (for selected Cluster)",
            "type": "View"
         },
         {
            "collapsed": false,
            "config": {
               "chartViewItems": [],
               "isUpdatedView": true,
               "refreshContent": {"refreshContent": true},
               "refreshInterval": 300,
               "resource": null,
               "selectFirstRow": {"selectFirstRow": true},
               "selfProvider": {"selfProvider": false},
               "title": "ESXi Hosts (for selected Cluster)",
               "traversalSpecId": "",
               "viewDefinitionId": "8bc37926-e46a-4c96-9de1-e292f07a3caf"
            },
            "gridsterCoords": {
               "h": 5,
               "w": 12,
               "x": 1,
               "y": 12
            },
            "height": 267,
            "id": "2ec6f45e-f4cf-490c-bfae-65ed1556bd75",
            "title": "ESXi Hosts (for selected Cluster)",
            "type": "View"
         },
         {
            "collapsed": false,
            "config": {
               "chartViewItems": [],
               "isUpdatedView": true,
               "refreshContent": {"refreshContent": true},
               "refreshInterval": 300,
               "resource": null,
               "selectFirstRow": {"selectFirstRow": true},
               "selfProvider": {"selfProvider": false},
               "title": "Disk Detail (for selected Cluster)",
               "traversalSpecId": "",
               "viewDefinitionId": "73775530-4a8f-49ed-9d68-1a7892f65974"
            },
            "gridsterCoords": {
               "h": 4,
               "w": 4,
               "x": 9,
               "y": 8
            },
            "height": 210,
            "id": "d886a279-6d87-4674-8225-6c61aa2bb3b0",
            "title": "Disk Detail (for selected Cluster)",
            "type": "View"
         },
         {
            "collapsed": false,
            "config": {
               "chartHeight": 135,
               "customFilter": {
                  "excludedResources": null,
                  "filter": [],
                  "includedResources": null
               },
               "depth": 1,
               "filterMode": "tagPicker",
               "metricFullName": "Capacity Analytics Generated|CPU|Demand|Time Remaining (Day(s))",
               "metricKey": "OnlineCapacityAnalytics|cpu|demand|timeRemaining",
               "metricLabel": "",
               "metricName": "Capacity Analytics Generated|CPU|Demand|Time Remaining (Day(s))",
               "metricType": {"metricType": "custom"},
               "metricUnit": {
                  "metricUnitId": -1,
                  "metricUnitName": "Default Unit"
               },
               "mode": "all",
               "orangeBound": 60,
               "paginationNumber": 15,
               "redBound": 30,
               "refreshContent": {"refreshContent": true},
               "refreshInterval": 300,
               "relationshipMode": {"relationshipMode": 0},
               "resource": [],
               "resourceKindId": "resourceKind:id:0_::_",
               "selectFirstRow": {"selectFirstRow": false},
               "selfProvider": {"selfProvider": false},
               "showMetricLabel": {"showMetricLabel": false},
               "showResourceName": {"showResourceName": true},
               "sortBy": "metricValue",
               "sortByDir": {"orderByDir": "asc"},
               "tagFilter": null,
               "title": "CPU Time Remaining (for selected ESXi Host)",
               "yellowBound": 90
            },
            "gridsterCoords": {
               "h": 5,
               "w": 4,
               "x": 1,
               "y": 17
            },
            "height": 266,
            "id": "34f980fd-fa33-4a5c-8713-3a75a3b7bce9",
            "states": [
               {
                  "key": "perm_toolbarVisible_widget_c2b2d1ff-d1eb-40b5-89a8-49559121d0c7_34f980fd-fa33-4a5c-8713-3a75a3b7bce9",
                  "value": "b%3A1"
               },
               {
                  "key": "permDateRange_HealthChart_widget_c2b2d1ff-d1eb-40b5-89a8-49559121d0c7_34f980fd-fa33-4a5c-8713-3a75a3b7bce9",
                  "value": "s%3A%7B%22dateRange%22%3A%22dashboardTime%22%2C%22dateFrom%22%3Anull%2C%22dateTo%22%3Anull%2C%22timeFrom%22%3Anull%2C%22timeTo%22%3Anull%7D"
               }
            ],
            "title": "CPU Time Remaining (for selected ESXi Host)",
            "type": "HealthChart"
         },
         {
            "collapsed": false,
            "config": {
               "chartHeight": 135,
               "customFilter": {
                  "excludedResources": null,
                  "filter": [],
                  "includedResources": null
               },
               "depth": 1,
               "filterMode": "tagPicker",
               "metricFullName": "Capacity Analytics Generated|Memory|Demand|Time Remaining (Day(s))",
               "metricKey": "OnlineCapacityAnalytics|mem|demand|timeRemaining",
               "metricLabel": "",
               "metricName": "Capacity Analytics Generated|Memory|Demand|Time Remaining (Day(s))",
               "metricType": {"metricType": "custom"},
               "metricUnit": {
                  "metricUnitId": -1,
                  "metricUnitName": "Default Unit"
               },
               "mode": "all",
               "orangeBound": 60,
               "paginationNumber": 15,
               "redBound": 30,
               "refreshContent": {"refreshContent": true},
               "refreshInterval": 300,
               "relationshipMode": {"relationshipMode": 0},
               "resource": [],
               "resourceKindId": "resourceKind:id:0_::_",
               "selectFirstRow": {"selectFirstRow": false},
               "selfProvider": {"selfProvider": false},
               "showMetricLabel": {"showMetricLabel": false},
               "showResourceName": {"showResourceName": true},
               "sortBy": "metricValue",
               "sortByDir": {"orderByDir": "asc"},
               "tagFilter": null,
               "title": "Memory Time Remaining (for selected ESXi Host)",
               "yellowBound": 90
            },
            "gridsterCoords": {
               "h": 5,
               "w": 4,
               "x": 5,
               "y": 17
            },
            "height": 266,
            "id": "1fce2a4c-fc1c-4bee-82c0-abd11af7f0e7",
            "states": [{
               "key": "permDateRange_HealthChart_widget_c2b2d1ff-d1eb-40b5-89a8-49559121d0c7_1fce2a4c-fc1c-4bee-82c0-abd11af7f0e7",
               "value": "s%3A%7B%22dateRange%22%3A%22dashboardTime%22%2C%22dateFrom%22%3Anull%2C%22dateTo%22%3Anull%2C%22timeFrom%22%3Anull%2C%22timeTo%22%3Anull%7D"
            }],
            "title": "Memory Time Remaining (for selected ESXi Host)",
            "type": "HealthChart"
         },
         {
            "collapsed": false,
            "config": {
               "chartHeight": 135,
               "customFilter": {
                  "excludedResources": null,
                  "filter": [],
                  "includedResources": null
               },
               "depth": 1,
               "filterMode": "tagPicker",
               "metricFullName": "Capacity Analytics Generated|Disk Space|Demand|Time Remaining (Day(s))",
               "metricKey": "OnlineCapacityAnalytics|diskspace|demand|timeRemaining",
               "metricLabel": "",
               "metricName": "Capacity Analytics Generated|Disk Space|Demand|Time Remaining (Day(s))",
               "metricType": {"metricType": "custom"},
               "metricUnit": {
                  "metricUnitId": -1,
                  "metricUnitName": "Default Unit"
               },
               "mode": "all",
               "orangeBound": 60,
               "paginationNumber": 15,
               "redBound": 30,
               "refreshContent": {"refreshContent": true},
               "refreshInterval": 300,
               "relationshipMode": {"relationshipMode": 0},
               "resource": [],
               "resourceKindId": "resourceKind:id:0_::_",
               "selectFirstRow": {"selectFirstRow": false},
               "selfProvider": {"selfProvider": false},
               "showMetricLabel": {"showMetricLabel": false},
               "showResourceName": {"showResourceName": true},
               "sortBy": "metricValue",
               "sortByDir": {"orderByDir": "asc"},
               "tagFilter": null,
               "title": "Disk Time Remaining (for selected ESXi Host)",
               "yellowBound": 90
            },
            "gridsterCoords": {
               "h": 5,
               "w": 4,
               "x": 9,
               "y": 17
            },
            "height": 266,
            "id": "77e2481d-6058-48ed-ab98-b264cf0995f3",
            "states": [{
               "key": "permDateRange_HealthChart_widget_c2b2d1ff-d1eb-40b5-89a8-49559121d0c7_77e2481d-6058-48ed-ab98-b264cf0995f3",
               "value": "s%3A%7B%22dateRange%22%3A%22dashboardTime%22%2C%22dateFrom%22%3Anull%2C%22dateTo%22%3Anull%2C%22timeFrom%22%3Anull%2C%22timeTo%22%3Anull%7D"
            }],
            "title": "Disk Time Remaining (for selected ESXi Host)",
            "type": "HealthChart"
         },
         {
            "collapsed": false,
            "config": {
               "boxColumns": 2,
               "boxHeight": null,
               "customFilter": {
                  "excludedResources": null,
                  "filter": [],
                  "includedResources": null
               },
               "depth": 1,
               "labelSize": 16,
               "maxCellCount": 100,
               "metric": {
                  "mode": "resourceKind",
                  "resourceKindMetrics": [
                     {
                        "colorMethod": 0,
                        "handleOldColoring": false,
                        "id": "extModel186254-1",
                        "isStringMetric": false,
                        "label": "Small VMs (2 vCPU | 4 GB RAM | 40 GB Disk)",
                        "link": "",
                        "metricKey": "Profiles|capacityRemainingProfile_14391c7f-399c-4031-9597-9f5c1235a480",
                        "metricName": " 4 GB RAM | 40 GB Disk))",
                        "metricUnitId": null,
                        "orangeBound": 10,
                        "redBound": 5,
                        "resourceKindId": "resourceKind:id:1_::_",
                        "resourceKindName": "Cluster Compute Resource",
                        "unit": "",
                        "yellowBound": 20
                     },
                     {
                        "colorMethod": 0,
                        "handleOldColoring": false,
                        "id": "extModel186254-2",
                        "isStringMetric": false,
                        "label": "Medium VMs (4 vCPU | 8 GB RAM | 80 GB Disk)",
                        "link": "",
                        "metricKey": "Profiles|capacityRemainingProfile_26677d19-8abe-45f0-85d9-40e50b868e37",
                        "metricName": " 6 GB RAM | 80 GB Disk))",
                        "metricUnitId": null,
                        "orangeBound": 10,
                        "redBound": 5,
                        "resourceKindId": "resourceKind:id:1_::_",
                        "resourceKindName": "Cluster Compute Resource",
                        "unit": "",
                        "yellowBound": 20
                     },
                     {
                        "colorMethod": 0,
                        "handleOldColoring": false,
                        "id": "extModel186254-3",
                        "isStringMetric": false,
                        "label": "Large VMs (8 vCPU | 16 GB RAM | 160 GB Disk)",
                        "link": "",
                        "metricKey": "Profiles|capacityRemainingProfile_fee9d8b5-a6b1-4f12-b6c3-6785c4f132de",
                        "metricName": " 16 GB RAM | 160 GB Disk))",
                        "metricUnitId": null,
                        "orangeBound": 10,
                        "redBound": 5,
                        "resourceKindId": "resourceKind:id:1_::_",
                        "resourceKindName": "Cluster Compute Resource",
                        "unit": "",
                        "yellowBound": 20
                     },
                     {
                        "colorMethod": 0,
                        "handleOldColoring": false,
                        "id": "extModel186254-4",
                        "isStringMetric": false,
                        "label": "Average VMs",
                        "link": "",
                        "metricKey": "Profiles|capacityRemainingProfile_813f3699-1cb6-4bce-939e-ca96a777a752",
                        "metricName": "Profiles|Capacity Remaining Profile (Average)",
                        "metricUnitId": null,
                        "orangeBound": 10,
                        "redBound": 5,
                        "resourceKindId": "resourceKind:id:1_::_",
                        "resourceKindName": "Cluster Compute Resource",
                        "unit": "",
                        "yellowBound": 20
                     }
                  ],
                  "resourceMetrics": [],
                  "subMode": "resourceKindAll"
               },
               "mode": {"layoutMode": "fixedView"},
               "oldMetricValues": false,
               "periodLength": null,
               "refreshContent": {"refreshContent": true},
               "refreshInterval": 300,
               "relationshipMode": {"relationshipMode": 0},
               "resInteractionMode": null,
               "resource": [],
               "roundDecimals": null,
               "selfProvider": {"selfProvider": false},
               "showDT": {"showDT": false},
               "showMetricName": {"showMetricName": true},
               "showMetricUnit": {"showMetricUnit": true},
               "showResourceName": {"showResourceName": false},
               "showSparkline": {"showSparkline": false},
               "title": "How Many More VMs Will Fit (in selected Cluster)",
               "valueSize": 24,
               "visualTheme": 6
            },
            "gridsterCoords": {
               "h": 7,
               "w": 4,
               "x": 9,
               "y": 1
            },
            "height": 380,
            "id": "b86c2a21-799a-4d5a-a9d1-f8ad20ab7633",
            "title": "How Many More VMs Will Fit (in selected Cluster)",
            "type": "Scoreboard"
         }
      ]
   }],
   "entries": {
      "resource": [{
         "adapterKindKey": "VMWARE",
         "identifiers": [],
         "internalId": "resource:id:0_::_",
         "name": "vSphere World",
         "resourceKindKey": "vSphere World"
      }],
      "resourceKind": [
         {
            "adapterKindKey": "VMWARE",
            "internalId": "resourceKind:id:0_::_",
            "resourceKindKey": "HostSystem"
         },
         {
            "adapterKindKey": "VMWARE",
            "internalId": "resourceKind:id:1_::_",
            "resourceKindKey": "ClusterComputeResource"
         }
      ]
   },
   "uuid": "48c984c3-f16a-4dc5-a698-882447ffcc7f"
}